config,walltime
clx16_chameleon_1_4096,18.573104
clx16_chameleon_2_4096,9.595579
clx16_chameleon_4_4096,5.063034
clx16_chameleon_8_4096,2.780323
