config,walltime
clx16_chameleon_1_4096,27.834554
clx16_chameleon_2_4096,14.365688
clx16_chameleon_4_4096,7.849197
clx16_chameleon_8_4096,4.063771
