config,walltime
clx16_charm++_1_4096,40.093153
clx16_charm++_2_4096,20.302087
clx16_charm++_4_4096,10.800855
clx16_charm++_8_4096,5.146752
