config,walltime
clx16_charm++_1_4096,16.818276
clx16_charm++_2_4096,8.339323
clx16_charm++_4_4096,4.240697
clx16_charm++_8_4096,2.259458
