#Blocks,Chameleon,Charm++
8x8,8.697030,10.047579
16x16,7.905504,10.452025
32x32,7.703811,10.127210
64x64,7.546435,10.540868
128x128,7.954732,9.850377