#Blocks,Chameleon,Charm++
8x8,9.227229,65.098917
16x16,44.234480,64.755883
32x32,8.129472,64.620127
64x64,7.576516,65.893166
128x128,8.002152,67.004072