#Blocks,Chameleon,Charm++
8x8,8.746461,10.181617
16x16,7.962459,10.083204
32x32,7.677645,9.846215
64x64,7.580602,9.921759
128x128,7.978460,9.967631