Dry Fraction,MPI/OpenMP,Chameleon,Charm++
0.0,7.761547,8.654144,66.884489
0.1,7.742870,8.496294,60.876721
0.2,7.424796,8.423303,57.166178
0.3,7.684226,8.495181,51.949258
0.4,6.709607,8.420197,46.793830
0.5,6.820726,8.512093,40.839493