Dry Fraction,MPI/OpenMP,Chameleon,Charm++
0.0,6.738638,7.714033,9.860680
0.1,6.677477,7.803444,11.059761
0.2,6.573994,7.807223,10.156360
0.3,6.569075,7.797121,10.447297
0.4,6.564878,7.885552,9.829805
0.5,6.936194,7.857480,10.749615