Dry Fraction,MPI/OpenMP,Chameleon,Charm++
0.0,6.950964,7.860686,9.930181
0.1,6.753957,7.960191,10.019977
0.2,6.831234,7.940032,10.398574
0.3,7.149414,7.951220,9.883953
0.4,6.812908,7.973595,10.006120
0.5,6.795551,7.852742,10.378417