config,walltime
clx16_mpi_1_4096,19.769882
clx16_mpi_2_4096,9.584612
clx16_mpi_4_4096,4.836909
clx16_mpi_8_4096,2.548026
