config,walltime
clx16_mpi_1_4096,26.651493
clx16_mpi_2_4096,12.177228
clx16_mpi_4_4096,6.111682
clx16_mpi_8_4096,3.258353
