config,walltime
clx16_mpi_1_4096,27.117133
clx16_mpi_2_4096,12.235734
clx16_mpi_4_4096,6.285039
clx16_mpi_8_4096,3.293050
