config,walltime
clx16_mpi_1_4096,26.647999
clx16_mpi_2_4096,13.558828
clx16_mpi_4_4096,7.361762
clx16_mpi_8_4096,3.504122
