#Nodes,MPI/OpenMP,Chameleon,Charm++
1,26.478142,27.904156,39.672371
2,13.522735,14.845505,20.474476
4,6.763041,7.820011,10.330085
8,3.399628,4.328967,5.164695