#Nodes,MPI/OpenMP,Chameleon,Charm++
1,26.717788,27.797186,251.433008
2,13.175860,14.657297,131.961578
4,6.733854,8.345901,66.875518
8,3.568379,5.551943,33.279366