#Nodes,MPI/OpenMP,Chameleon,Charm++
1,26.906482,27.879683,40.132186
2,13.345226,14.495102,19.720787
4,6.800138,8.058767,9.813503
8,3.489178,4.560756,5.335831